{
  "ModelKind": "tinynn",
  "TokenizerKind": "word",
  "TokenizerPayload": {
    "words": [
      "\u003CUNK\u003E",
      "in",
      "my",
      "younger",
      "and",
      "more",
      "vulnerable",
      "years",
      "father",
      "gave",
      "me",
      "some",
      "advice",
      "that",
      "i",
      "have",
      "been",
      "turning",
      "over"
    ]
  },
  "ModelPayload": {
    "config": {
      "VocabSize": 19,
      "EmbeddingSize": 8,
      "ContextSize": 8
    },
    "weights": {
      "embeddings": [
        [
          0.52001584,
          -2.25311,
          2.2784972,
          -1.1125915,
          0.67891294,
          -2.529554,
          -11.994471,
          -0.15150625
        ],
        [
          -0.7951504,
          -1.5280479,
          0.75405186,
          -1.6103332,
          -1.008278,
          16.343225,
          -1.0578866,
          -0.20072931
        ],
        [
          2.1161096,
          0.26756212,
          -0.020348843,
          -0.5741708,
          0.3013952,
          0.8519898,
          0.7474229,
          -0.5796761
        ],
        [
          0.2896718,
          0.47099337,
          -0.3180489,
          2.46925,
          -0.42508587,
          5.4166183,
          0.9881989,
          -1.1310567
        ],
        [
          -1.2972643,
          -4.455199,
          1.4169524,
          2.3737662,
          -0.11104068,
          -10.211241,
          0.4964863,
          1.868517
        ],
        [
          0.084736355,
          -0.70970803,
          1.2320226,
          -4.3668103,
          0.14701754,
          -0.21150519,
          -1.2358664,
          0.8822323
        ],
        [
          0.2063738,
          -4.8646946,
          -1.3731883,
          -2.463581,
          1.543733,
          -0.20321347,
          0.36240506,
          -0.75113326
        ],
        [
          -0.91979194,
          -2.7763267,
          -7.9006243,
          2.4305475,
          -0.07529084,
          0.3469582,
          0.8091834,
          0.046354964
        ],
        [
          0.92785233,
          3.2282128,
          -0.31313577,
          3.1042,
          -2.3976827,
          0.71498215,
          -0.31808996,
          -1.9690658
        ],
        [
          2.1751156,
          -0.36702922,
          0.62393653,
          0.880988,
          -3.1261992,
          2.3458562,
          6.242635,
          3.3265846
        ],
        [
          -0.9552517,
          5.0859284,
          0.5359965,
          -1.1733426,
          0.33129334,
          -3.3487868,
          -4.680548,
          2.998706
        ],
        [
          1.2271687,
          5.647196,
          -0.7312165,
          1.9093047,
          -0.8118444,
          0.106864244,
          -1.0019425,
          1.9324442
        ],
        [
          1.4185046,
          0.98989046,
          4.1707363,
          7.691549,
          4.695762,
          -0.21739118,
          1.2486149,
          0.95202154
        ],
        [
          -0.16014345,
          -0.16460633,
          0.90355706,
          -5.493779,
          -0.54080683,
          0.48433232,
          2.8263633,
          2.4985397
        ],
        [
          0.08505828,
          0.50200874,
          1.4857852,
          -0.9961141,
          -3.4467187,
          -0.22568206,
          0.40955034,
          -1.8023844
        ],
        [
          -1.9066991,
          -1.2915987,
          2.5652463,
          -1.3216543,
          0.9513216,
          -0.5700513,
          -3.8506489,
          -0.12789828
        ],
        [
          -1.6159263,
          1.2497345,
          4.0223565,
          0.1498522,
          1.5826916,
          1.031511,
          0.17688142,
          0.86023796
        ],
        [
          0.32943854,
          0.18594067,
          -2.6528893,
          0.346944,
          -0.48607546,
          -1.5839137,
          0.75732017,
          -5.1993756
        ],
        [
          4.7761407,
          -0.3214148,
          -1.561045,
          -0.38867947,
          1.2385967,
          -0.07394115,
          1.1723945,
          2.7638996
        ]
      ],
      "outputWeights": [
        [
          0.9953124,
          -10.08017,
          -70.09849,
          3.9130428,
          0.28514448,
          -0.25384724,
          -2.6161408,
          0.5479665,
          1.063712,
          1.4027909,
          0.8167816,
          -0.363981,
          -1.3441784,
          -0.006973568,
          1.3636944,
          -0.018420566,
          -2.434704,
          -10.591712,
          0.5076892
        ],
        [
          1.6220542,
          0.29367313,
          -1.2358503,
          1.1929011,
          0.23612782,
          -2.4346611,
          -0.71062994,
          -2.5961292,
          -1.9778666,
          1.0911529,
          -1.1799115,
          0.9717096,
          -0.301313,
          0.28588182,
          1.6369932,
          3.5694413,
          2.751133,
          0.63541365,
          0.0751615
        ],
        [
          -0.29622492,
          0.62506217,
          -4.0239677,
          0.05455582,
          0.7922075,
          1.2716434,
          5.492426,
          2.042922,
          -0.576146,
          -1.6585414,
          -0.8655156,
          -0.44121215,
          -3.0649612,
          -0.7220976,
          0.10273591,
          0.2602806,
          1.476064,
          8.23821,
          2.210855
        ],
        [
          -0.7978797,
          -0.57762116,
          -2.7465343,
          -6.1445675,
          -0.2122601,
          2.3797052,
          -1.1683079,
          -5.192025,
          -1.0251131,
          -0.67135435,
          1.5792974,
          -0.75451547,
          -2.1272078,
          5.780534,
          3.0246797,
          0.19497822,
          -0.21914186,
          -9.74874,
          2.0648463
        ],
        [
          -0.20460248,
          5.6380763,
          0.49210817,
          2.8628304,
          -1.1968619,
          1.2862167,
          -0.25029328,
          0.050700862,
          0.42184922,
          0.5294306,
          -2.5901577,
          1.3583047,
          -1.7309146,
          1.7932782,
          -0.050925896,
          -1.5695488,
          -0.4139539,
          0.9273669,
          -0.061860003
        ],
        [
          0.64183676,
          0.72702074,
          0.5348168,
          1.0207393,
          1.3407724,
          0.9570072,
          1.036319,
          0.20958732,
          0.9041428,
          -1.9846166,
          -3.7815301,
          -8.253488,
          -0.7735331,
          0.66315776,
          -0.11185578,
          -0.6873904,
          -0.50372297,
          -2.4011872,
          -0.07188356
        ],
        [
          -5.7650967,
          -10.185876,
          -1.2421747,
          -1.5804052,
          -1.2677331,
          -0.47404402,
          -3.0612416,
          0.64231527,
          -0.65555817,
          0.99230504,
          1.4102743,
          -0.62526125,
          0.21473056,
          -0.49354166,
          0.9445986,
          2.5710871,
          -0.45889217,
          2.1680152,
          -29.310879
        ],
        [
          -1.5598824,
          -7.700132,
          1.3647833,
          0.23585857,
          -4.18831,
          1.5243744,
          1.6475954,
          -1.1699779,
          0.26421058,
          -11.2909775,
          0.62229705,
          1.8641281,
          8.482672,
          -0.35713267,
          2.1493742,
          -1.3756355,
          0.0177313,
          2.98159,
          -1.4382498
        ]
      ],